url,tipo,estado_actual,ga4_vistas_56d,gsc_clics_3m,gsc_impresiones_3m,accion,destino,motivo,title_actual
/,home,200,2921,1311,15749,CONSERVAR,/,URL con posicionamiento: no se toca,Taller especialista Porsche Barcelona y Madrid - Valentín Motors
/porsche-en-venta,listado coches,200,2818,401,6104,CONSERVAR,/porsche-en-venta,URL con posicionamiento: no se toca,Porsche en venta segunda mano &mdash; Valentín Motors
/magazine/que-es-el-ims-de-porsche,post,200,319,401,13548,CONSERVAR,/magazine/que-es-el-ims-de-porsche,URL con posicionamiento: no se toca,¿Qué es el IMS de Porsche? &mdash; Valentín Motors
/madrid,centro,200,549,291,9329,CONSERVAR,/madrid,URL con posicionamiento: no se toca,Madrid: Taller Especialista Porsche desde 1979 &mdash; Valentín Motors
/magazine/porsche-bore-scoring,post,200,89,111,2856,CONSERVAR,/magazine/porsche-bore-scoring,URL con posicionamiento: no se toca,¿Qué es el Porsche Bore Scoring? &mdash; Valentín Motors
/magazine/10-pelculas-del-siglo-xxi-en-las-que-aparecen-coches-porsche,post,200,87,111,5681,CONSERVAR,/magazine/10-pelculas-del-siglo-xxi-en-las-que-aparecen-coches-porsche,URL con posicionamiento: no se toca,10 películas del siglo XXI en las que aparecen coches Porsche &mdash; Valentín Motors
/taller-porsche,servicio,200,223,96,7556,CONSERVAR,/taller-porsche,URL con posicionamiento: no se toca,Servicios y tarifas del taller Porsche &mdash; Valentín Motors
/porsche-cayenne-macan-mantenimiento-taller-1,tarifa,200,99,95,3111,CONSERVAR,/porsche-cayenne-macan-mantenimiento-taller-1,URL con posicionamiento: no se toca,Tarifas mantenimiento Porsche Cayenne y Macan &mdash; Valentín Motors
/porsche-911-mantenimiento-taller,tarifa,200,377,85,2247,CONSERVAR,/porsche-911-mantenimiento-taller,URL con posicionamiento: no se toca,Tarifas mantenimiento Porsche 911 &mdash; Valentín Motors
/barcelona,centro,200,306,46,4339,CONSERVAR,/barcelona,URL con posicionamiento: no se toca,Barcelona: Taller Especialista Porsche desde 1979 &mdash; Valentín Motors
/porsche-en-venta/porsche-997-manual,ficha coche,200,794,0,0,CONSERVAR,/porsche-en-venta/porsche-997-manual,URL con posicionamiento: no se toca,Porsche 997.1 Carrera 4S &mdash; Valentín Motors
/porsche-en-venta/porsche-997-carrera-4s-triptronic,ficha coche,200,719,0,0,CONSERVAR,/porsche-en-venta/porsche-997-carrera-4s-triptronic,URL con posicionamiento: no se toca,Porsche 997.1 Carrera 4S Triptonic &mdash; Valentín Motors
/porsche-en-venta/997-ruf-kompressor,ficha coche,200,564,0,0,CONSERVAR,/porsche-en-venta/997-ruf-kompressor,URL con posicionamiento: no se toca,997 RUF Kompressor R &mdash; Valentín Motors
/porsche-en-venta/porsche-911-22-t-targa,ficha coche,200,547,0,0,CONSERVAR,/porsche-en-venta/porsche-911-22-t-targa,URL con posicionamiento: no se toca,911 2.2 T Targa &mdash; Valentín Motors
/porsche-en-venta/porsche-porsche-991-carrera-s-cabrio,ficha coche,200,453,0,0,CONSERVAR,/porsche-en-venta/porsche-porsche-991-carrera-s-cabrio,URL con posicionamiento: no se toca,991 Carrera S Cabrio &mdash; Valentín Motors
/porsche-en-venta/porsche-356-b-cabriolet-1960,ficha coche,200,381,0,0,CONSERVAR,/porsche-en-venta/porsche-356-b-cabriolet-1960,URL con posicionamiento: no se toca,Porsche 356 B Cabriolet 1960 &mdash; Valentín Motors
/contacto,pagina,200,208,0,0,CONSERVAR,/contacto,URL con posicionamiento: no se toca,Contacto &mdash; Valentín Motors
/magazine,indice blog,200,188,0,0,CONSERVAR,/magazine,URL con posicionamiento: no se toca,Magazine &mdash; Valentín Motors
/magazine/10-cosas-que-debes-saber-antes-de-comprar-un-porsche-911,post,200,119,0,0,CONSERVAR,/magazine/10-cosas-que-debes-saber-antes-de-comprar-un-porsche-911,URL con posicionamiento: no se toca,Diez cosas que debes saber antes de comprar un Porsche 911 &mdash; Valentín Motors
/quienes-somos,pagina,200,109,0,0,CONSERVAR,/quienes-somos,URL con posicionamiento: no se toca,Quiénes somos &mdash; Valentín Motors
/porsche-en-venta/porsche-981-cayman-gts,ficha coche (vendido),404,108,0,0,REVIVIR,/porsche-en-venta/porsche-981-cayman-gts,coche vendido borrado: se republica con badge VENDIDO,
/restauraciones,servicio,200,106,0,0,CONSERVAR,/restauraciones,URL con posicionamiento: no se toca,Restauraciones Porsche &mdash; Valentín Motors
/porsche-cayman-boxster-mantenimiento-taller,tarifa,200,102,0,0,CONSERVAR,/porsche-cayman-boxster-mantenimiento-taller,URL con posicionamiento: no se toca,Tarifas mantenimiento Porsche Cayman y Boxster &mdash; Valentín Motors
/porsche-997-de-segunda-mano,landing SEO,200,88,0,0,CONSERVAR,/porsche-997-de-segunda-mano,URL con posicionamiento: no se toca,Porsche 997 de segunda mano y ocasión &mdash; Valentín Motors
/porsche-macan-mantenimiento-taller-1,tarifa,200,73,0,0,301,/porsche-cayenne-macan-mantenimiento-taller-1,fusion: dos paginas casi identicas,Tarifas mantenimiento Porsche Cayman y Boxster &mdash; Valentín Motors
/porsche-996-de-segunda-mano,landing SEO,200,56,0,0,CONSERVAR,/porsche-996-de-segunda-mano,URL con posicionamiento: no se toca,Porsche 996 de segunda mano y ocasión &mdash; Valentín Motors
/sala-motores,servicio,200,52,0,0,CONSERVAR,/sala-motores,URL con posicionamiento: no se toca,Sala de motores clásicos y competición &mdash; Valentín Motors
/magazine/porsche-911g,post,200,51,0,0,CONSERVAR,/magazine/porsche-911g,URL con posicionamiento: no se toca,Porsche 911 G &mdash; Valentín Motors
/porsche-992-de-segunda-mano,landing SEO,200,49,0,0,CONSERVAR,/porsche-992-de-segunda-mano,URL con posicionamiento: no se toca,Porsche 992 de segunda mano y ocasión &mdash; Valentín Motors
/porsche-turbo-mantenimiento-taller,tarifa,200,40,0,0,CONSERVAR,/porsche-turbo-mantenimiento-taller,URL con posicionamiento: no se toca,Tarifas mantenimiento Porsche Turbo &mdash; Valentín Motors
/competicion,servicio,200,39,0,0,CONSERVAR,/competicion,URL con posicionamiento: no se toca,Preparación de vehículos para competición &mdash; Valentín Motors
/magazine/club-de-propietarios-porsche,post,200,39,0,0,CONSERVAR,/magazine/club-de-propietarios-porsche,URL con posicionamiento: no se toca,Club de propietarios Porsche &mdash; Valentín Motors
/magazine/porscheupgard40m97-bore-scoring-f3whn,post,200,30,0,0,301,/magazine/997-m9701-38-a-40-nickies,slug ilegible: se publica con slug nuevo y el viejo redirige,997 M9701 3.8 a 4.0 (Nickies) &mdash; Valentín Motors
/porsche-gt-mantenimiento-taller,tarifa,200,29,0,0,CONSERVAR,/porsche-gt-mantenimiento-taller,URL con posicionamiento: no se toca,Tarifas mantenimiento Porsche GT &mdash; Valentín Motors
/porsche-transaxle-mantenimiento-taller,tarifa,200,29,0,0,CONSERVAR,/porsche-transaxle-mantenimiento-taller,URL con posicionamiento: no se toca,Tarifas mantenimiento Porsche Transaxle &mdash; Valentín Motors
/magazine/nuevo-taller-barcelona,post,200,27,0,0,CONSERVAR,/magazine/nuevo-taller-barcelona,URL con posicionamiento: no se toca,Valentín Motors celebra su 45 aniversario con la apertura de un nuevo taller en Barcelona &mdash; Valentín Motors
/magazine/porsche-964,post,200,27,0,0,CONSERVAR,/magazine/porsche-964,URL con posicionamiento: no se toca,Porsche 964 &mdash; Valentín Motors
/magazine/category/restauraciones,categoria blog,200,25,0,0,CONSERVAR,/magazine/category/restauraciones,URL con posicionamiento: no se toca,restauraciones &mdash; Magazine &mdash; Valentín Motors
/magazine/restauracion964backdating2023-kdlc4-mjz6r,post,200,24,0,0,301,/magazine/backdating-964-2023,slug ilegible: se publica con slug nuevo y el viejo redirige,Backdating 964 (2023) &mdash; Valentín Motors
/magazine/restauracion-pinzas-freno,post,200,23,0,0,CONSERVAR,/magazine/restauracion-pinzas-freno,URL con posicionamiento: no se toca,Restauración pinzas de freno &mdash; Valentín Motors
/porsche-en-venta/category/911,categoria coches,200,23,0,0,301,/porsche-en-venta,categoria del listado,911 &mdash; Porsche en venta segunda mano &mdash; Valentín Motors
/magazine/nuevo-centro-valentin-motors-en-madrid,post,200,19,0,0,CONSERVAR,/magazine/nuevo-centro-valentin-motors-en-madrid,URL con posicionamiento: no se toca,El nuevo centro Valentin Motors de Madrid ofrece un servicio integral Porsche en la capital &mdash; Valentín Motors
/magazine/porscheclassicseries2023-z4gbf,post,200,19,0,0,301,/magazine/9-eleven-headlights-964,slug ilegible: se publica con slug nuevo y el viejo redirige,9 eleven headlights para 964 &mdash; Valentín Motors
/magazine/restauracion-de-un-porsche-911-930-turbo,post,200,19,0,0,CONSERVAR,/magazine/restauracion-de-un-porsche-911-930-turbo,URL con posicionamiento: no se toca,Restauración integral de Porsche 911 930 Turbo &mdash; Valentín Motors
/magazine/porschem911pa10/01,post,200,18,0,0,301,/magazine/pa10-01,slug ilegible: se publica con slug nuevo y el viejo redirige,PA10/01 &mdash; Valentín Motors
/magazine/presentacionpa10-01/madrid,post,200,17,0,0,301,/magazine/presentacion-pa10-01-madrid,slug ilegible: se publica con slug nuevo y el viejo redirige,Presentación del Evento PA10/01 en Madrid &mdash; Valentín Motors
/magazine/category/eventos,categoria blog,200,16,0,0,CONSERVAR,/magazine/category/eventos,URL con posicionamiento: no se toca,eventos &mdash; Magazine &mdash; Valentín Motors
/magazine/category/articulos,categoria blog,200,15,0,0,CONSERVAR,/magazine/category/articulos,URL con posicionamiento: no se toca,articulos &mdash; Magazine &mdash; Valentín Motors
/magazine/porsche968-abx98,post,200,13,0,0,301,/magazine/porsche-spain-meeting-2026-jarama,slug ilegible: se publica con slug nuevo y el viejo redirige,Porsche Spain Meeting 2026 Jarama Madrid &mdash; Valentín Motors
/magazine/porscheroturasmotorm96valentin,post,200,13,0,0,301,/magazine/996-m96-34-rotura-arbol-intermedio-ims,slug ilegible: se publica con slug nuevo y el viejo redirige,Reparación motor IMS &mdash; Valentín Motors
/magazine/restauracion-porsche-964-turbo-1991,post,200,12,0,0,CONSERVAR,/magazine/restauracion-porsche-964-turbo-1991,URL con posicionamiento: no se toca,Restauración completa 964 turbo (965) 1991 &mdash; Valentín Motors
/magazine/restauracion-motor-964-36,post,200,11,0,0,CONSERVAR,/magazine/restauracion-motor-964-36,URL con posicionamiento: no se toca,Rehabilitación completa motor 964 (M6401 3.6 ) &mdash; Valentín Motors
/magazine/porsche9971noselift-f3whn-trwdw,post,200,10,0,0,301,/magazine/nose-lift-997-1,slug ilegible: se publica con slug nuevo y el viejo redirige,Nose lift system para 997.1 (sistema de alzado tren delantero) &mdash; Valentín Motors
/nuevo-centro-valentin-motors-madrid,pagina,200,10,0,0,301,/madrid,duplica el post del Magazine,Nuevo centro Valentín Motors en Madrid &mdash; Valentín Motors
/magazine/porscheclassicseries2023,post,200,9,0,0,CONSERVAR,/magazine/porscheclassicseries2023,URL con posicionamiento: no se toca,Doble victoria en la Porsche Classic Series &mdash; Valentín Motors
/magazine/restauracion-sctarga1979oakgreen,post,200,8,0,0,CONSERVAR,/magazine/restauracion-sctarga1979oakgreen,URL con posicionamiento: no se toca,Restauración 3.0 SC Targa 1979 &mdash; Valentín Motors
/plan-mantenimiento-oferta,pagina,200,8,0,0,301,/taller-porsche/mantenimiento,campana caducada; el plan a precio cerrado tiene pagina propia,Campaña de Mantenimiento vehículos Porsche a Precio Cerrado &mdash; Valentín Motors
/magazine/category/iconos,categoria blog,200,7,0,0,CONSERVAR,/magazine/category/iconos,URL con posicionamiento: no se toca,iconos &mdash; Magazine &mdash; Valentín Motors
/magazine/porsche968,post,200,7,0,0,301,/magazine/reconstruccion-motor-968,slug ilegible: se publica con slug nuevo y el viejo redirige,Reconstrucción motor 968 &mdash; Valentín Motors
/magazine/restauracion-motor-964-m64,post,200,7,0,0,CONSERVAR,/magazine/restauracion-motor-964-m64,URL con posicionamiento: no se toca,Rehabilitación completa motor 964 M64 &mdash; Valentín Motors
/magazine/restauracion-incendio-930-turbo-1976,post,200,6,0,0,CONSERVAR,/magazine/restauracion-incendio-930-turbo-1976,URL con posicionamiento: no se toca,Restauración por incendio 911 930 turbo 1975 &mdash; Valentín Motors
/magazine/restauracion-porsche-911-1965,post,200,6,0,0,CONSERVAR,/magazine/restauracion-porsche-911-1965,URL con posicionamiento: no se toca,Restauración integral de Porsche 911 serie F 1965 &mdash; Valentín Motors
/magazine/porschem9738a40,post,200,5,0,0,301,/magazine/motor-m97-38-a-40,slug ilegible: se publica con slug nuevo y el viejo redirige,Motor M97 3.8 a 4.0 &mdash; Valentín Motors
/magazine/restauracion-motor-1971-22,post,200,5,0,0,CONSERVAR,/magazine/restauracion-motor-1971-22,URL con posicionamiento: no se toca,Motor 1971 2.2 &mdash; Valentín Motors
/mantenimiento-porsche-te-regalamos-un-alineado-de-precision-gratis,pagina,200,5,0,0,301,/taller-porsche/mantenimiento,campana caducada; su tema es el mantenimiento,Mantenimiento Porsche &mdash; Valentín Motors
/magazine/porsche9971turbo,post,200,4,0,0,301,/magazine/9971-turbo-rehabilitacion-motor,slug ilegible: se publica con slug nuevo y el viejo redirige,997.1 turbo (Rehabilitación motor por avería) &mdash; Valentín Motors
/magazine/porschem9738a40-y4b85,post,200,4,0,0,301,/magazine/motor-serie-g-32,slug ilegible: se publica con slug nuevo y el viejo redirige,Motor serie G 3.2 &mdash; Valentín Motors
/magazine/restauracion-motor-965-turbo-33,post,200,4,0,0,CONSERVAR,/magazine/restauracion-motor-965-turbo-33,URL con posicionamiento: no se toca,Restauración completa motor 965 (964 turbo 3.3) &mdash; Valentín Motors
/magazine/restauracion27stargalimegreen-kdlc4,post,200,4,0,0,301,/magazine/restauracion-27-s-targa-lime-green,slug ilegible: se publica con slug nuevo y el viejo redirige,Restauración 2.7 S 1975 nacional (N8 verde lima) &mdash; Valentín Motors
/vende-tu-porsche-con-valentn-motors,pagina,200,4,0,0,301,/vende-tu-porsche,slug ilegible: se publica con slug nuevo y el viejo redirige,Vende tu Porsche con Valentín Motors &mdash; Valentín Motors
/magazine/porschepinturaclasica964-9fcrx,post,200,3,0,0,301,/magazine/proceso-pintura-964,slug ilegible: se publica con slug nuevo y el viejo redirige,Proceso standart pintura en 964 &mdash; Valentín Motors
/magazine/porscheroturasmotorm96valentin-9pb35,post,200,3,0,0,301,/magazine/backdating-base-964,slug ilegible: se publica con slug nuevo y el viejo redirige,Backdating base 964 &mdash; Valentín Motors
/magazine/tapicera-original-de-911-serie-f,post,200,3,0,0,CONSERVAR,/magazine/tapicera-original-de-911-serie-f,URL con posicionamiento: no se toca,Trabajos de tapicería original de 911 serie F &mdash; Valentín Motors
/magazine/porschepinturaclasica911,post,200,2,0,0,301,/magazine/proceso-pintura-911-clase-g,slug ilegible: se publica con slug nuevo y el viejo redirige,Proceso standart pintura en 911 clase G. &mdash; Valentín Motors
/magazine/rehabilitacion-motor-22-1970-serief,post,200,2,0,0,CONSERVAR,/magazine/rehabilitacion-motor-22-1970-serief,URL con posicionamiento: no se toca,Rehabilitación completa motor 2.2 1970 serie F &mdash; Valentín Motors
/magazine/restauracionsistemacis,post,200,2,0,0,301,/magazine/restauracion-sistema-inyeccion-cis,slug ilegible: se publica con slug nuevo y el viejo redirige,Restauración completa sistema inyección CIS (911 desde 1975 hasta 1982) &mdash; Valentín Motors
/magazine/revision-gratuita-esenciales,post,200,2,0,0,301,/taller-porsche,campana caducada y despublicada,Revisión gratuita problemas esenciales Porsche 911 &mdash; Valentín Motors
/barcelona-old,pagina,200,0,0,0,301,/barcelona,version antigua del centro,Barcelona: Taller Especialista Porsche desde 1979 &mdash; Valentín Motors
/campana-suv-septiembre-2023,pagina,200,0,0,0,301,/porsche-cayenne-macan-mantenimiento-taller-1,campana caducada,15% de descuento en el mantenimiento de tu Porsche Cayenne o Macan - Valentín Motors &mdash; Valentín Motors
/cart,404 heredado,404,0,0,0,301,/,404 heredado o ruido de bots,
/contact,404 heredado,404,0,0,0,301,/contacto,404 heredado o ruido de bots,
/contact-us,404 heredado,404,0,0,0,301,/contacto,404 heredado o ruido de bots,
/contactez-nous,404 heredado,404,0,0,0,301,/contacto,404 heredado o ruido de bots,
/diagnostico-global-porsche-gratis-en-valentin-barcelona,pagina,200,0,0,0,301,/barcelona,campana caducada,Diagnóstico Global Porsche GRATIS en Valentin Barcelona &mdash; Valentín Motors
/home,pagina,200,0,0,0,301,/,duplicado de la raiz que genera Squarespace,Taller especialista Porsche Barcelona y Madrid - Valentín Motors
/magazine/category/930,categoria blog,200,0,0,0,301,/magazine,categoria sin posts,930 &mdash; Magazine &mdash; Valentín Motors
/magazine/category/IMS,categoria blog,200,0,0,0,301,/magazine/que-es-el-ims-de-porsche,categoria sin posts: al articulo de referencia,IMS &mdash; Magazine &mdash; Valentín Motors
/magazine/category/Modelos,categoria blog,200,0,0,0,301,/magazine,categoria sin posts,Modelos &mdash; Magazine &mdash; Valentín Motors
/magazine/category/art%C3%ADculos,categoria blog,200,0,0,0,301,/magazine/category/articulos,misma categoria con la tilde codificada,artículos &mdash; Magazine &mdash; Valentín Motors
/magazine/category/bore+scoring,categoria blog,200,0,0,0,301,/magazine/porsche-bore-scoring,categoria sin posts: al articulo de referencia,bore scoring &mdash; Magazine &mdash; Valentín Motors
/magazine/category/compra+veh%C3%ADculos,categoria blog,200,0,0,0,301,/porsche-en-venta,categoria sin posts,compra vehículos &mdash; Magazine &mdash; Valentín Motors
/magazine/category/taller,categoria blog,200,0,0,0,301,/taller-porsche,categoria sin posts,taller &mdash; Magazine &mdash; Valentín Motors
/magazine/porscheroturasmotorm96valentin-ey2wg,post,200,0,0,0,301,/magazine/rehabilitacion-motor-32-serie-g-1985,slug ilegible: se publica con slug nuevo y el viejo redirige,Rehabilitación motor completo 3.2 serie G coupe 1985 &mdash; Valentín Motors
/magazine/reparacion-motor-ims,404 heredado,404,0,0,0,301,/magazine/que-es-el-ims-de-porsche,404 heredado o ruido de bots,
/magazine/restauracion-motor-930-turbo-30-1988,post,200,0,0,0,CONSERVAR,/magazine/restauracion-motor-930-turbo-30-1988,URL con posicionamiento: no se toca,Motor 930 turbo 3.0 1988 &mdash; Valentín Motors
/magazine/restauracion-motor-964-turbo-dfc3x,404 heredado,404,0,0,0,301,/magazine/restauracion-porsche-964-turbo-1991,404 heredado o ruido de bots,
/porsche-en-venta/category/911+3.2,categoria coches,200,0,0,0,301,/porsche-en-venta,categoria del listado,911 3.2 &mdash; Porsche en venta segunda mano &mdash; Valentín Motors
/porsche-en-venta/category/966,categoria coches,200,0,0,0,301,/porsche-en-venta,categoria del listado,966 &mdash; Porsche en venta segunda mano &mdash; Valentín Motors
/porsche-en-venta/category/992,categoria coches,200,0,0,0,301,/porsche-en-venta,categoria del listado,992 &mdash; Porsche en venta segunda mano &mdash; Valentín Motors
/porsche-en-venta/category/993,categoria coches,200,0,0,0,301,/porsche-en-venta,categoria del listado,993 &mdash; Porsche en venta segunda mano &mdash; Valentín Motors
/porsche-en-venta/category/996,categoria coches,200,0,0,0,301,/porsche-en-venta,categoria del listado,996 &mdash; Porsche en venta segunda mano &mdash; Valentín Motors
/porsche-en-venta/category/997,categoria coches,200,0,0,0,301,/porsche-en-venta,categoria del listado,997 &mdash; Porsche en venta segunda mano &mdash; Valentín Motors
/porsche-en-venta/porsche-911-22-t-targa-nbpl5,404 heredado,404,0,0,0,301,/porsche-en-venta/porsche-911-22-t-targa,404 heredado o ruido de bots,
/porsche-en-venta/porsche-997-carrera-4s-triptonic,404 heredado,404,0,0,0,301,/porsche-en-venta/porsche-997-carrera-4s-triptronic,404 heredado o ruido de bots,
/porsche-en-venta/porsche-997-manual-f682k,404 heredado,404,0,0,0,301,/porsche-en-venta/porsche-997-manual,404 heredado o ruido de bots,
/porsche-en-venta/porsche356cabriolet,404 heredado,404,0,0,0,301,/porsche-en-venta/porsche-356-b-cabriolet-1960,404 heredado o ruido de bots,
/porsche-en-venta/porsche718boxsters76d2-lztlp-fre2j,404 heredado,404,0,0,0,301,/porsche-en-venta,404 heredado o ruido de bots,
/porsche-en-venta/porsche912pepita1966,ficha coche (vendido),404,0,0,0,REVIVIR,/porsche-en-venta/porsche912pepita1966,coche vendido borrado: se republica con badge VENDIDO,
/porsche-en-venta/porsche930turbo1977r4granprixwhite,ficha coche (vendido),404,0,0,0,REVIVIR,/porsche-en-venta/porsche930turbo1977r4granprixwhite,coche vendido borrado: se republica con badge VENDIDO,
/porsche-en-venta/porsche981gtscaymanamarillo,404 heredado,404,0,0,0,301,/porsche-en-venta/porsche-981-cayman-gts,404 heredado o ruido de bots,
/porsche-en-venta/porsche986boxstersspeedgelb,ficha coche (vendido),404,0,0,0,REVIVIR,/porsche-en-venta/porsche986boxstersspeedgelb,coche vendido borrado: se republica con badge VENDIDO,
/porsche-en-venta/porsche993carrerausa,ficha coche (vendido),404,0,0,0,REVIVIR,/porsche-en-venta/porsche993carrerausa,coche vendido borrado: se republica con badge VENDIDO,
/porsche-en-venta/porsche996coupecarreratiptronic,ficha coche (vendido),404,0,0,0,REVIVIR,/porsche-en-venta/porsche996coupecarreratiptronic,coche vendido borrado: se republica con badge VENDIDO,
/porsche-en-venta/porschrrkompressorruf,404 heredado,404,0,0,0,301,/porsche-en-venta/997-ruf-kompressor,404 heredado o ruido de bots,
/proyecto-rs,pagina,200,0,0,0,301,/restauraciones/restomod,sin trafico; su tema son los proyectos propios,Proyecto RS &mdash; Valentín Motors
